{"stat.craftItem.364":16,"stat.killEntity.Sheep":9,"stat.mineBlock.67":6,"stat.useItem.3":1269,"stat.craftItem.257":2,"stat.useItem.65":1,"stat.craftItem.42":14,"achievement.acquireIron":31,"achievement.openInventory":141,"stat.craftItem.307":1,"stat.mineBlock.46":1,"stat.damageDealt":22135,"stat.mineBlock.31":69,"stat.useItem.50":13,"stat.killEntity.Bat":1,"stat.killEntity.Cow":7,"stat.craftItem.50":20,"stat.useItem.338":13,"achievement.exploreAllBiomes":{"value":0,"progress":["Sunflower Plains","Extreme Hills+","Deep Ocean","Taiga","Extreme Hills","Ocean","Plains","ForestHills","Forest","Birch Forest","Beach","Roofed Forest","Stone Beach","Swampland","River"]},"stat.breakItem.267":1,"stat.craftItem.266":3,"stat.craftItem.333":1,"stat.mineBlock.1":589,"stat.mineBlock.73":5,"stat.craftItem.278":1,"stat.craftItem.340":3,"stat.craftItem.355":2,"stat.useItem.259":677,"stat.fallOneCm":86494,"stat.flyOneCm":909352,"stat.craftItem.320":24,"stat.craftItem.84":1,"achievement.buildPickaxe":7,"stat.craftItem.271":1,"achievement.buildFurnace":15,"stat.mineBlock.61":5,"stat.damageTaken":4670,"stat.mineBlock.100":100,"stat.useItem.4":102,"stat.useItem.355":7,"stat.useItem.269":14,"stat.useItem.271":15,"stat.mineBlock.161":1,"stat.craftItem.272":1,"stat.craftItem.386":3,"stat.mineBlock.39":12,"stat.killEntity.Chicken":27,"stat.craftItem.270":2,"stat.mineBlock.38":4,"stat.mineBlock.78":1,"stat.useItem.270":8,"stat.craftItem.308":1,"achievement.buildWorkBench":2,"stat.useItem.38":1,"stat.breakItem.274":2,"stat.craftItem.5":76,"stat.craftItem.58":3,"stat.mineBlock.42":1,"achievement.killCow":3,"stat.killEntity.EntityHorse":2,"stat.climbOneCm":14954,"stat.craftItem.339":9,"stat.useItem.18":20,"stat.drop":37,"stat.mineBlock.14":11,"stat.useItem.175":1,"achievement.mineWood":32,"stat.useItem.267":198,"stat.mineBlock.17":38,"achievement.killEnemy":59,"stat.mineBlock.65":1,"stat.useItem.272":127,"achievement.diamonds":1,"stat.craftItem.281":8,"stat.useItem.84":1,"stat.killEntity.Creeper":6,"stat.mineBlock.58":8,"stat.mineBlock.13":42,"stat.playOneMinute":952233,"stat.mineBlock.15":168,"stat.useItem.278":394,"stat.craftItem.306":1,"stat.killEntity.Pig":14,"stat.craftItem.275":1,"stat.craftItem.267":1,"stat.killEntity.Enderman":1,"stat.leaveGame":8,"stat.diveOneCm":76017,"stat.craftItem.351":30,"achievement.buildBetterPickaxe":7,"stat.killEntity.Spider":12,"stat.useItem.61":6,"stat.mineBlock.77":1,"stat.useItem.273":85,"stat.craftItem.1":29,"stat.mineBlock.99":49,"stat.boatOneCm":53505,"stat.mineBlock.56":1,"achievement.buildSword":2,"stat.mineBlock.18":96,"stat.craftItem.282":12,"stat.craftItem.269":1,"stat.craftItem.35":6,"stat.useItem.58":9,"stat.swimOneCm":81068,"stat.craftItem.280":32,"stat.craftItem.268":2,"stat.useItem.275":26,"stat.killEntity.Skeleton":16,"stat.walkOneCm":1187642,"stat.useItem.274":253,"stat.useItem.2264":3,"stat.useItem.44":9,"stat.jump":3596,"stat.mineBlock.30":20,"stat.killEntity.Witch":3,"stat.useItem.12":3,"stat.craftItem.265":226,"stat.craftItem.61":8,"stat.mineBlock.16":132,"stat.breakItem.257":1,"stat.mineBlock.3":67,"stat.deaths":2,"stat.useItem.268":63,"stat.mobKills":123,"stat.useItem.42":1,"stat.killEntity.Zombie":18,"stat.useItem.257":311,"stat.useItem.67":4,"stat.useItem.1":36,"stat.mineBlock.50":5,"stat.useItem.20":26,"stat.craftItem.309":1,"stat.killEntity.Squid":3,"stat.mineBlock.4":13,"stat.craftItem.273":1,"stat.mineBlock.44":9,"stat.mineBlock.175":16,"stat.craftItem.366":23,"stat.killEntity.CaveSpider":3,"stat.craftItem.274":2}