{"stat.damageDealt":720,"achievement.exploreAllBiomes":{"value":0,"progress":["Forest","Taiga","River","ForestHills"]},"stat.useItem.46":47,"achievement.openInventory":7,"stat.damageTaken":20,"stat.fallOneCm":906,"stat.flyOneCm":224521,"stat.playOneMinute":22812,"stat.leaveGame":2,"stat.diveOneCm":3214,"stat.killEntity.Spider":1,"stat.killEntity.Creeper":2,"stat.killEntity.Pig":2,"stat.jump":41,"stat.swimOneCm":59,"stat.mobKills":10,"stat.killEntity.Skeleton":3,"stat.walkOneCm":16758,"stat.killEntity.Zombie":2,"stat.useItem.276":6}