{"stat.craftItem.50":104,"stat.craftItem.364":15,"stat.killEntity.Sheep":3,"stat.craftItem.257":1,"achievement.exploreAllBiomes":{"value":0,"progress":["Forest","Taiga","Extreme Hills","Beach","River","Swampland"]},"stat.useItem.324":4,"stat.craftItem.258":1,"stat.mineBlock.54":2,"stat.mineBlock.1":214,"stat.mineBlock.73":9,"achievement.acquireIron":4,"achievement.openInventory":81,"stat.damageDealt":7420,"stat.craftItem.355":1,"stat.mineBlock.31":31,"stat.useItem.50":53,"stat.killEntity.Cow":7,"stat.useItem.5":314,"stat.fallOneCm":49417,"stat.craftItem.320":17,"stat.flyOneCm":168540,"achievement.buildPickaxe":2,"achievement.buildFurnace":4,"stat.mineBlock.61":2,"stat.damageTaken":2325,"stat.useItem.4":49,"stat.useItem.355":3,"stat.craftItem.272":1,"stat.mineBlock.39":7,"stat.craftItem.270":1,"stat.killEntity.Chicken":6,"stat.mineBlock.38":1,"stat.useItem.270":16,"achievement.buildWorkBench":2,"stat.mineBlock.86":2,"stat.craftItem.5":456,"stat.craftItem.58":2,"stat.craftItem.256":1,"achievement.killCow":1,"stat.climbOneCm":2896,"stat.craftItem.291":1,"stat.drop":5,"stat.craftItem.324":2,"achievement.buildHoe":2,"stat.useItem.267":32,"achievement.mineWood":126,"stat.mineBlock.17":141,"achievement.killEnemy":10,"stat.useItem.17":24,"stat.useItem.272":102,"stat.mineBlock.12":2,"stat.killEntity.Creeper":1,"stat.mineBlock.58":2,"stat.playOneMinute":81765,"stat.mineBlock.15":85,"stat.killEntity.Pig":8,"stat.craftItem.275":1,"stat.craftItem.267":1,"stat.leaveGame":2,"stat.useItem.6":4,"stat.diveOneCm":11527,"stat.breakItem.275":1,"stat.useItem.258":31,"stat.useItem.54":4,"achievement.buildBetterPickaxe":2,"stat.killEntity.Spider":1,"stat.killEntity.Slime":6,"stat.useItem.61":6,"achievement.buildSword":2,"stat.mineBlock.18":13,"stat.craftItem.261":1,"stat.useItem.58":4,"stat.craftItem.280":52,"stat.swimOneCm":11544,"stat.killEntity.Skeleton":9,"stat.useItem.275":134,"stat.walkOneCm":489382,"stat.useItem.274":100,"stat.craftItem.325":1,"stat.jump":1495,"stat.craftItem.265":13,"stat.craftItem.61":4,"stat.mineBlock.16":37,"stat.breakItem.257":1,"stat.mineBlock.3":3,"stat.mobKills":47,"stat.mineBlock.106":1,"stat.killEntity.Zombie":6,"stat.useItem.257":251,"stat.craftItem.54":2,"stat.mineBlock.50":3,"stat.mineBlock.4":19,"stat.mineBlock.5":34,"stat.mineBlock.129":1,"stat.mineBlock.175":3,"stat.craftItem.366":6,"stat.craftItem.274":1}