{"stat.useItem.72":8,"stat.useItem.46":42,"achievement.openInventory":83,"stat.damageDealt":80,"stat.useItem.3":2036,"stat.useItem.351":36,"achievement.exploreAllBiomes":{"value":0,"progress":["Forest","Taiga","Extreme Hills","Plains","Birch Forest","Birch Forest Hills M","River","ForestHills"]},"stat.mineBlock.31":1,"stat.useItem.259":313,"stat.fallOneCm":6918,"stat.flyOneCm":1448163,"stat.drop":11,"stat.damageTaken":240,"stat.useItem.76":14,"stat.playOneMinute":472892,"stat.leaveGame":6,"stat.diveOneCm":1788,"stat.useItem.6":1,"stat.mineBlock.18":9,"stat.deaths":1,"stat.jump":379,"stat.useItem.1":1015,"stat.swimOneCm":8206,"stat.mobKills":1,"stat.useItem.12":662,"stat.walkOneCm":128989}