{"stat.mineBlock.111":1,"stat.useItem.72":2,"stat.craftItem.72":2,"achievement.openInventory":50,"stat.killEntity.Sheep":3,"stat.damageDealt":4215,"stat.useItem.3":17,"achievement.exploreAllBiomes":{"value":0,"progress":["Forest","Extreme Hills+","Extreme Hills","Birch Forest","Plains","Roofed Forest","River","Swampland","Birch Forest Hills","ForestHills"]},"stat.mineBlock.31":75,"stat.killEntity.Cow":28,"stat.fallOneCm":28719,"stat.flyOneCm":97951,"achievement.buildWorkBench":2,"stat.mineBlock.86":3,"stat.damageTaken":1395,"stat.mineBlock.100":10,"stat.craftItem.5":28,"stat.craftItem.58":1,"stat.mineBlock.161":2,"stat.climbOneCm":1683,"stat.mineBlock.39":18,"stat.drop":7,"stat.killEntity.Chicken":1,"stat.mineBlock.38":1,"stat.leaveGame":5,"stat.diveOneCm":7477,"achievement.mineWood":7,"stat.useItem.54":1,"stat.mineBlock.17":7,"stat.craftItem.281":4,"stat.mineBlock.99":27,"stat.mineBlock.58":1,"stat.playOneMinute":47252,"stat.killEntity.Pig":1,"stat.craftItem.282":8,"stat.mineBlock.18":5,"stat.entityKilledBy.Skeleton":1,"stat.mineBlock.3":17,"stat.deaths":1,"stat.jump":818,"stat.useItem.58":2,"stat.swimOneCm":10714,"stat.useItem.268":78,"stat.mobKills":35,"stat.walkOneCm":372892,"stat.mineBlock.106":1,"stat.killEntity.Zombie":1,"stat.mineBlock.175":2,"stat.craftItem.54":1}